"","Model1","Model2","Model3"
"b1",0.828090560487512,0.940339674217575,0.828090560487512
"b2",0.605232462113188,0.78832271709313,0.605232462113188
